<?xml version="1.0"?>
<DocumentWindowInfoForTab xmlns:xsi="http://www.w3.org/2001/XMLSchema-instance" xmlns:xsd="http://www.w3.org/2001/XMLSchema">
  <All>
    <DocumentWindowInfoForTabElement>
      <Name>[1] 点参数</Name>
      <SaveKey>[XHPointParameter]1</SaveKey>
      <DockingBarState>
        <Key>Document@[XHPointParameter]1</Key>
        <Usable>true</Usable>
        <IsFloating>false</IsFloating>
        <DockingInfo>
          <IsCenter>true</IsCenter>
          <DockingSide>Left</DockingSide>
          <IsAutoHide>false</IsAutoHide>
          <Size>
            <Width>1501</Width>
            <Height>375</Height>
          </Size>
          <LeftIndex>-1</LeftIndex>
          <TopIndex>-1</TopIndex>
          <RightIndex>-1</RightIndex>
          <BottomIndex>-1</BottomIndex>
          <MergeInfo>
            <TabIndex>-1</TabIndex>
            <IsTabSelected>false</IsTabSelected>
            <TilePosition>
              <TilePosition>
                <Direction>Vertical</Direction>
                <Index>0</Index>
              </TilePosition>
            </TilePosition>
          </MergeInfo>
        </DockingInfo>
        <FloatingInfo>
          <DockingKey>0</DockingKey>
          <Location>
            <X>0</X>
            <Y>0</Y>
          </Location>
          <Size>
            <Width>624</Width>
            <Height>326</Height>
          </Size>
          <MergeInfo>
            <TabIndex>-1</TabIndex>
            <IsTabSelected>false</IsTabSelected>
            <TilePosition />
          </MergeInfo>
        </FloatingInfo>
      </DockingBarState>
    </DocumentWindowInfoForTabElement>
    <DocumentWindowInfoForTabElement>
      <Name>axleClearError</Name>
      <SaveKey>[Ladder]axleClearError</SaveKey>
      <DockingBarState>
        <Key>Document@Ladder-666358088</Key>
        <Usable>true</Usable>
        <IsFloating>false</IsFloating>
        <DockingInfo>
          <IsCenter>true</IsCenter>
          <DockingSide>Left</DockingSide>
          <IsAutoHide>false</IsAutoHide>
          <Size>
            <Width>1501</Width>
            <Height>506</Height>
          </Size>
          <LeftIndex>-1</LeftIndex>
          <TopIndex>-1</TopIndex>
          <RightIndex>-1</RightIndex>
          <BottomIndex>-1</BottomIndex>
          <MergeInfo>
            <TabIndex>4</TabIndex>
            <IsTabSelected>false</IsTabSelected>
            <TilePosition>
              <TilePosition>
                <Direction>Vertical</Direction>
                <Index>1</Index>
              </TilePosition>
            </TilePosition>
          </MergeInfo>
        </DockingInfo>
        <FloatingInfo>
          <DockingKey>10618646</DockingKey>
          <Location>
            <X>777</X>
            <Y>585</Y>
          </Location>
          <Size>
            <Width>624</Width>
            <Height>326</Height>
          </Size>
          <MergeInfo>
            <TabIndex>-1</TabIndex>
            <IsTabSelected>true</IsTabSelected>
            <TilePosition />
          </MergeInfo>
        </FloatingInfo>
      </DockingBarState>
    </DocumentWindowInfoForTabElement>
    <DocumentWindowInfoForTabElement>
      <Name>axle02movetopoint1</Name>
      <SaveKey>[Ladder]axle02movetopoint1</SaveKey>
      <DockingBarState>
        <Key>Document@Ladder-665356024</Key>
        <Usable>true</Usable>
        <IsFloating>false</IsFloating>
        <DockingInfo>
          <IsCenter>true</IsCenter>
          <DockingSide>Left</DockingSide>
          <IsAutoHide>false</IsAutoHide>
          <Size>
            <Width>1501</Width>
            <Height>506</Height>
          </Size>
          <LeftIndex>-1</LeftIndex>
          <TopIndex>-1</TopIndex>
          <RightIndex>-1</RightIndex>
          <BottomIndex>-1</BottomIndex>
          <MergeInfo>
            <TabIndex>5</TabIndex>
            <IsTabSelected>false</IsTabSelected>
            <TilePosition>
              <TilePosition>
                <Direction>Vertical</Direction>
                <Index>1</Index>
              </TilePosition>
            </TilePosition>
          </MergeInfo>
        </DockingInfo>
        <FloatingInfo>
          <DockingKey>10618646</DockingKey>
          <Location>
            <X>777</X>
            <Y>585</Y>
          </Location>
          <Size>
            <Width>624</Width>
            <Height>326</Height>
          </Size>
          <MergeInfo>
            <TabIndex>-1</TabIndex>
            <IsTabSelected>true</IsTabSelected>
            <TilePosition />
          </MergeInfo>
        </FloatingInfo>
      </DockingBarState>
    </DocumentWindowInfoForTabElement>
    <DocumentWindowInfoForTabElement>
      <Name>axle03movetopoint1</Name>
      <SaveKey>[Ladder]axle03movetopoint1</SaveKey>
      <DockingBarState>
        <Key>Document@Ladder-665319064</Key>
        <Usable>true</Usable>
        <IsFloating>false</IsFloating>
        <DockingInfo>
          <IsCenter>true</IsCenter>
          <DockingSide>Left</DockingSide>
          <IsAutoHide>false</IsAutoHide>
          <Size>
            <Width>1501</Width>
            <Height>506</Height>
          </Size>
          <LeftIndex>-1</LeftIndex>
          <TopIndex>-1</TopIndex>
          <RightIndex>-1</RightIndex>
          <BottomIndex>-1</BottomIndex>
          <MergeInfo>
            <TabIndex>6</TabIndex>
            <IsTabSelected>false</IsTabSelected>
            <TilePosition>
              <TilePosition>
                <Direction>Vertical</Direction>
                <Index>1</Index>
              </TilePosition>
            </TilePosition>
          </MergeInfo>
        </DockingInfo>
        <FloatingInfo>
          <DockingKey>10618646</DockingKey>
          <Location>
            <X>777</X>
            <Y>585</Y>
          </Location>
          <Size>
            <Width>624</Width>
            <Height>326</Height>
          </Size>
          <MergeInfo>
            <TabIndex>-1</TabIndex>
            <IsTabSelected>true</IsTabSelected>
            <TilePosition />
          </MergeInfo>
        </FloatingInfo>
      </DockingBarState>
    </DocumentWindowInfoForTabElement>
    <DocumentWindowInfoForTabElement>
      <Name>axle01movetopoint1</Name>
      <SaveKey>[Ladder]axle01movetopoint1</SaveKey>
      <DockingBarState>
        <Key>Document@Ladder-404088736</Key>
        <Usable>true</Usable>
        <IsFloating>false</IsFloating>
        <DockingInfo>
          <IsCenter>true</IsCenter>
          <DockingSide>Left</DockingSide>
          <IsAutoHide>false</IsAutoHide>
          <Size>
            <Width>1501</Width>
            <Height>506</Height>
          </Size>
          <LeftIndex>-1</LeftIndex>
          <TopIndex>-1</TopIndex>
          <RightIndex>-1</RightIndex>
          <BottomIndex>-1</BottomIndex>
          <MergeInfo>
            <TabIndex>0</TabIndex>
            <IsTabSelected>false</IsTabSelected>
            <TilePosition>
              <TilePosition>
                <Direction>Vertical</Direction>
                <Index>1</Index>
              </TilePosition>
            </TilePosition>
          </MergeInfo>
        </DockingInfo>
        <FloatingInfo>
          <DockingKey>10618646</DockingKey>
          <Location>
            <X>777</X>
            <Y>585</Y>
          </Location>
          <Size>
            <Width>624</Width>
            <Height>326</Height>
          </Size>
          <MergeInfo>
            <TabIndex>-1</TabIndex>
            <IsTabSelected>true</IsTabSelected>
            <TilePosition />
          </MergeInfo>
        </FloatingInfo>
      </DockingBarState>
    </DocumentWindowInfoForTabElement>
    <DocumentWindowInfoForTabElement>
      <Name>operationEnableAxle</Name>
      <SaveKey>[Ladder]operationEnableAxle</SaveKey>
      <DockingBarState>
        <Key>Document@Ladder-620837784</Key>
        <Usable>true</Usable>
        <IsFloating>false</IsFloating>
        <DockingInfo>
          <IsCenter>true</IsCenter>
          <DockingSide>Left</DockingSide>
          <IsAutoHide>false</IsAutoHide>
          <Size>
            <Width>1501</Width>
            <Height>506</Height>
          </Size>
          <LeftIndex>-1</LeftIndex>
          <TopIndex>-1</TopIndex>
          <RightIndex>-1</RightIndex>
          <BottomIndex>-1</BottomIndex>
          <MergeInfo>
            <TabIndex>3</TabIndex>
            <IsTabSelected>false</IsTabSelected>
            <TilePosition>
              <TilePosition>
                <Direction>Vertical</Direction>
                <Index>1</Index>
              </TilePosition>
            </TilePosition>
          </MergeInfo>
        </DockingInfo>
        <FloatingInfo>
          <DockingKey>10618646</DockingKey>
          <Location>
            <X>777</X>
            <Y>585</Y>
          </Location>
          <Size>
            <Width>624</Width>
            <Height>326</Height>
          </Size>
          <MergeInfo>
            <TabIndex>-1</TabIndex>
            <IsTabSelected>true</IsTabSelected>
            <TilePosition />
          </MergeInfo>
        </FloatingInfo>
      </DockingBarState>
    </DocumentWindowInfoForTabElement>
    <DocumentWindowInfoForTabElement>
      <Name>InitializationParameter</Name>
      <SaveKey>[Ladder]InitializationParameter</SaveKey>
      <DockingBarState>
        <Key>Document@Ladder-719512536</Key>
        <Usable>true</Usable>
        <IsFloating>false</IsFloating>
        <DockingInfo>
          <IsCenter>true</IsCenter>
          <DockingSide>Left</DockingSide>
          <IsAutoHide>false</IsAutoHide>
          <Size>
            <Width>1501</Width>
            <Height>506</Height>
          </Size>
          <LeftIndex>-1</LeftIndex>
          <TopIndex>-1</TopIndex>
          <RightIndex>-1</RightIndex>
          <BottomIndex>-1</BottomIndex>
          <MergeInfo>
            <TabIndex>2</TabIndex>
            <IsTabSelected>false</IsTabSelected>
            <TilePosition>
              <TilePosition>
                <Direction>Vertical</Direction>
                <Index>1</Index>
              </TilePosition>
            </TilePosition>
          </MergeInfo>
        </DockingInfo>
        <FloatingInfo>
          <DockingKey>10618646</DockingKey>
          <Location>
            <X>777</X>
            <Y>585</Y>
          </Location>
          <Size>
            <Width>624</Width>
            <Height>326</Height>
          </Size>
          <MergeInfo>
            <TabIndex>-1</TabIndex>
            <IsTabSelected>true</IsTabSelected>
            <TilePosition />
          </MergeInfo>
        </FloatingInfo>
      </DockingBarState>
    </DocumentWindowInfoForTabElement>
    <DocumentWindowInfoForTabElement>
      <Name>Main</Name>
      <SaveKey>[Ladder]Main</SaveKey>
      <DockingBarState>
        <Key>Document@Ladder-264873248</Key>
        <Usable>true</Usable>
        <IsFloating>false</IsFloating>
        <DockingInfo>
          <IsCenter>true</IsCenter>
          <DockingSide>Left</DockingSide>
          <IsAutoHide>false</IsAutoHide>
          <Size>
            <Width>1501</Width>
            <Height>506</Height>
          </Size>
          <LeftIndex>-1</LeftIndex>
          <TopIndex>-1</TopIndex>
          <RightIndex>-1</RightIndex>
          <BottomIndex>-1</BottomIndex>
          <MergeInfo>
            <TabIndex>1</TabIndex>
            <IsTabSelected>true</IsTabSelected>
            <TilePosition>
              <TilePosition>
                <Direction>Vertical</Direction>
                <Index>1</Index>
              </TilePosition>
            </TilePosition>
          </MergeInfo>
        </DockingInfo>
        <FloatingInfo>
          <DockingKey>10618646</DockingKey>
          <Location>
            <X>777</X>
            <Y>585</Y>
          </Location>
          <Size>
            <Width>624</Width>
            <Height>326</Height>
          </Size>
          <MergeInfo>
            <TabIndex>-1</TabIndex>
            <IsTabSelected>true</IsTabSelected>
            <TilePosition />
          </MergeInfo>
        </FloatingInfo>
      </DockingBarState>
    </DocumentWindowInfoForTabElement>
  </All>
</DocumentWindowInfoForTab>