<?xml version="1.0" encoding="UTF-8"?>
<Root>
	<Expanded>0</Expanded>
	<Child>
		<value.first>单元配置</value.first>
		<value.second>
			<Expanded>1</Expanded>
			<Child>
				<value.first>[0]  KV-8000</value.first>
				<value.second>
					<Expanded>1</Expanded>
					<Child>
						<value.first>EtherNet/IP   R30000  DM10000</value.first>
						<value.second>
							<Expanded>0</Expanded>
						</value.second>
					</Child>
				</value.second>
			</Child>
			<Child>
				<value.first>[1]  KV-XH16ML   R34000  DM10300</value.first>
				<value.second>
					<Expanded>1</Expanded>
					<Child>
						<value.first>SV2 设定</value.first>
						<value.second>
							<Expanded>0</Expanded>
						</value.second>
					</Child>
					<Child>
						<value.first>单元程序</value.first>
						<value.second>
							<Expanded>0</Expanded>
						</value.second>
					</Child>
					<Child>
						<value.first>单元通用设定</value.first>
						<value.second>
							<Expanded>0</Expanded>
						</value.second>
					</Child>
					<Child>
						<value.first>同步控制设定</value.first>
						<value.second>
							<Expanded>0</Expanded>
							<Child>
								<value.first>凸轮设定</value.first>
								<value.second>
									<Expanded>0</Expanded>
									<Child>
										<value.first>分辨率设定</value.first>
										<value.second>
											<Expanded>0</Expanded>
										</value.second>
									</Child>
								</value.second>
							</Child>
							<Child>
								<value.first>同步参数</value.first>
								<value.second>
									<Expanded>0</Expanded>
									<Child>
										<value.first>轴1:旋转</value.first>
										<value.second>
											<Expanded>0</Expanded>
										</value.second>
									</Child>
									<Child>
										<value.first>轴2:</value.first>
										<value.second>
											<Expanded>0</Expanded>
										</value.second>
									</Child>
									<Child>
										<value.first>轴3:</value.first>
										<value.second>
											<Expanded>0</Expanded>
										</value.second>
									</Child>
								</value.second>
							</Child>
							<Child>
								<value.first>接点输出设定</value.first>
								<value.second>
									<Expanded>0</Expanded>
								</value.second>
							</Child>
						</value.second>
					</Child>
					<Child>
						<value.first>点参数</value.first>
						<value.second>
							<Expanded>0</Expanded>
						</value.second>
					</Child>
					<Child>
						<value.first>轴控制设定</value.first>
						<value.second>
							<Expanded>0</Expanded>
						</value.second>
					</Child>
					<Child>
						<value.first>轴构成设定</value.first>
						<value.second>
							<Expanded>0</Expanded>
						</value.second>
					</Child>
					<Child>
						<value.first>选项设定</value.first>
						<value.second>
							<Expanded>0</Expanded>
						</value.second>
					</Child>
				</value.second>
			</Child>
			<Child>
				<value.first>[2]  KV-C32XTD   R48000/R48200 -----</value.first>
				<value.second>
					<Expanded>0</Expanded>
				</value.second>
			</Child>
			<Child>
				<value.first>切换单元配置</value.first>
				<value.second>
					<Expanded>0</Expanded>
				</value.second>
			</Child>
		</value.second>
	</Child>
</Root>
